system_time_start,LST_L5,LST_L7,LST_L8
"Apr 13, 1984",271.494,,
"Apr 29, 1984",272.508,,
"Aug 19, 1984",272.575,,
"Sep 4, 1984",,,
"Sep 20, 1984",284.917,,
"Sep 29, 1984",286.43,,
"Oct 22, 1984",274.688,,
"Nov 7, 1984",284.259,,
"Dec 9, 1984",,,
"Feb 11, 1985",254.469,,
"Mar 15, 1985",,,
"Mar 31, 1985",,,
"Apr 16, 1985",,,
"Jun 3, 1985",,,
"Jun 12, 1985",,,
"Jun 19, 1985",,,
"Jul 5, 1985",294.1,,
"Aug 22, 1985",288.712,,
"Sep 7, 1985",,,
"Sep 23, 1985",,,
"Oct 9, 1985",,,
"Oct 18, 1985",280.129,,
"Oct 25, 1985",280.524,,
"Nov 26, 1985",,,
"Jan 29, 1986",,,
"Feb 7, 1986",,,
"Feb 14, 1986",262.951,,
"Mar 2, 1986",,,
"Mar 18, 1986",274.676,,
"Apr 3, 1986",,,
"Apr 19, 1986",,,
"Apr 28, 1986",,,
"May 5, 1986",284.025,,
"May 14, 1986",,,
"May 21, 1986",297.077,,
"Jun 15, 1986",297.234,,
"Jun 22, 1986",,,
"Jul 1, 1986",,,
"Jul 17, 1986",297.014,,
"Aug 2, 1986",293.194,,
"Aug 9, 1986",294.654,,
"Aug 18, 1986",292.535,,
"Aug 25, 1986",,,
"Sep 3, 1986",287.747,,
"Sep 19, 1986",280.908,,
"Sep 26, 1986",280.919,,
"Oct 12, 1986",,,
"Oct 21, 1986",,,
"Oct 28, 1986",274.751,,
"Nov 13, 1986",278.386,,
"Nov 29, 1986",273.352,,
"Dec 15, 1986",,,
"Jan 16, 1987",262.437,,
"Feb 1, 1987",261.538,,
"Mar 5, 1987",256.994,,
"Mar 21, 1987",267.501,,
"Apr 6, 1987",,,
"May 8, 1987",,,
"May 24, 1987",,,
"Jul 11, 1987",294.932,,
"Jul 27, 1987",,,
"Aug 12, 1987",,,
"Sep 13, 1987",291.446,,
"Sep 29, 1987",,,
"Oct 15, 1987",,,
"Oct 31, 1987",278.726,,
"Dec 2, 1987",,,
"Jan 3, 1988",,,
"Jan 19, 1988",268.505,,
"Feb 20, 1988",,,
"Apr 24, 1988",272.609,,
"May 10, 1988",,,
"May 19, 1988",,,
"May 26, 1988",292.488,,
"Jun 27, 1988",,,
"Jul 13, 1988",292.643,,
"Jul 22, 1988",,,
"Jul 29, 1988",294.18,,
"Aug 7, 1988",,,
"Aug 14, 1988",298.156,,
"Aug 30, 1988",,,
"Sep 8, 1988",286.417,,
"Sep 15, 1988",,,
"Oct 17, 1988",288.237,,
"Nov 11, 1988",276.349,,
"Dec 20, 1988",,,
"Jan 14, 1989",263.936,,
"Jan 21, 1989",270.145,,
"Jan 30, 1989",265.503,,
"Mar 10, 1989",,,
"Apr 4, 1989",,,
"Apr 11, 1989",279.08,,
"Apr 20, 1989",,,
"May 29, 1989",,,
"Jun 7, 1989",,,
"Jun 14, 1989",284.605,,
"Jul 16, 1989",289.085,,
"Aug 10, 1989",290.723,,
"Aug 17, 1989",,,
"Sep 2, 1989",,,
"Sep 11, 1989",287.585,,
"Sep 18, 1989",292.532,,
"Oct 4, 1989",278.411,,
"Oct 13, 1989",,,
"Oct 20, 1989",282.887,,
"Nov 5, 1989",,,
"Nov 14, 1989",273.976,,
"Jan 24, 1990",,,
"Feb 2, 1990",273.816,,
"Feb 9, 1990",,,
"Feb 25, 1990",275.298,,
"Mar 6, 1990",263.292,,
"Mar 13, 1990",275.471,,
"Mar 22, 1990",276.697,,
"Apr 14, 1990",278.483,,
"Apr 30, 1990",,,
"May 9, 1990",,,
"May 16, 1990",291.838,,
"Jun 1, 1990",,,
"Jun 17, 1990",,,
"Jul 3, 1990",,,
"Aug 4, 1990",298.131,,
"Aug 13, 1990",289.057,,
"Aug 20, 1990",,,
"Aug 29, 1990",296.254,,
"Sep 5, 1990",,,
"Sep 14, 1990",,,
"Sep 21, 1990",,,
"Sep 30, 1990",286.069,,
"Oct 7, 1990",285.724,,
"Oct 16, 1990",290.702,,
"Oct 23, 1990",282.015,,
"Nov 24, 1990",268.154,,
"Mar 16, 1991",276.799,,
"Apr 1, 1991",,,
"May 19, 1991",285.95,,
"Jun 20, 1991",288.203,,
"Jul 6, 1991",296.069,,
"Jul 15, 1991",,,
"Jul 22, 1991",,,
"Jul 31, 1991",,,
"Aug 7, 1991",298.379,,
"Aug 23, 1991",289.264,,
"Sep 1, 1991",291.689,,
"Sep 24, 1991",,,
"Oct 3, 1991",283.111,,
"Oct 10, 1991",284.13,,
"Oct 26, 1991",269.148,,
"Nov 11, 1991",,,
"Jan 23, 1992",,,
"Feb 8, 1992",,,
"Feb 15, 1992",,,
"Mar 2, 1992",272.35,,
"Mar 11, 1992",,,
"Mar 18, 1992",,,
"Apr 3, 1992",,,
"Apr 12, 1992",275.284,,
"Apr 28, 1992",,,
"May 5, 1992",277.528,,
"May 14, 1992",292.165,,
"May 21, 1992",,,
"May 30, 1992",,,
"Jun 15, 1992",,,
"Jun 22, 1992",,,
"Jul 1, 1992",297.985,,
"Jul 17, 1992",293.16,,
"Jul 24, 1992",294.296,,
"Aug 2, 1992",295.031,,
"Aug 9, 1992",302.718,,
"Aug 18, 1992",292.581,,
"Aug 25, 1992",290.82,,
"Sep 3, 1992",,,
"Sep 10, 1992",287.921,,
"Sep 19, 1992",274.709,,
"Sep 26, 1992",289.555,,
"Oct 5, 1992",283.782,,
"Oct 12, 1992",,,
"Oct 28, 1992",,,
"Nov 6, 1992",,,
"Dec 8, 1992",255.98,,
"Mar 5, 1993",258.403,,
"Mar 21, 1993",,,
"Apr 6, 1993",,,
"Apr 15, 1993",,,
"Apr 22, 1993",,,
"May 1, 1993",293.695,,
"May 8, 1993",,,
"May 17, 1993",295.83,,
"May 24, 1993",,,
"Jun 2, 1993",,,
"Jun 9, 1993",296.125,,
"Jun 18, 1993",,,
"Jun 25, 1993",,,
"Jul 27, 1993",,,
"Aug 12, 1993",288.453,,
"Sep 29, 1993",,,
"Oct 31, 1993",278.416,,
"Nov 25, 1993",,,
"Jan 12, 1994",,,
"Feb 13, 1994",,,
"Feb 20, 1994",259.765,,
"Mar 17, 1994",,,
"Mar 24, 1994",,,
"Apr 9, 1994",,,
"Apr 25, 1994",,,
"May 4, 1994",,,
"May 11, 1994",,,
"May 27, 1994",,,
"Jun 12, 1994",285.604,,
"Jun 21, 1994",,,
"Jun 28, 1994",,,
"Jul 14, 1994",,,
"Jul 23, 1994",297.198,,
"Jul 30, 1994",301.146,,
"Aug 8, 1994",289.618,,
"Aug 15, 1994",286.106,,
"Aug 24, 1994",,,
"Aug 31, 1994",290.463,,
"Sep 16, 1994",,,
"Sep 25, 1994",,,
"Oct 2, 1994",,,
"Oct 11, 1994",279.293,,
"Oct 18, 1994",273.972,,
"Oct 27, 1994",,,
"Nov 3, 1994",276.451,,
"Jan 31, 1995",261.88,,
"Feb 7, 1995",,,
"Mar 11, 1995",270.203,,
"Apr 5, 1995",,,
"Apr 21, 1995",,,
"May 23, 1995",288.097,,
"May 30, 1995",,,
"Jun 8, 1995",,,
"Jun 15, 1995",,,
"Jul 1, 1995",297.379,,
"Jul 10, 1995",301,,
"Aug 2, 1995",292.613,,
"Aug 11, 1995",294.021,,
"Aug 18, 1995",290.39,,
"Sep 3, 1995",,,
"Sep 12, 1995",,,
"Oct 21, 1995",,,
"Nov 22, 1995",260.069,,
"Mar 13, 1996",,,
"Mar 29, 1996",,,
"Jun 1, 1996",298.511,,
"Jun 17, 1996",,,
"Jul 3, 1996",,,
"Jul 19, 1996",,,
"Aug 4, 1996",,,
"Aug 20, 1996",293.037,,
"Sep 5, 1996",,,
"Oct 23, 1996",,,
"Nov 8, 1996",,,
"Apr 1, 1997",,,
"May 3, 1997",287.235,,
"May 19, 1997",291.772,,
"Jun 4, 1997",,,
"Jul 6, 1997",,,
"Aug 7, 1997",,,
"Aug 23, 1997",,,
"Sep 8, 1997",285.901,,
"Nov 27, 1997",,,
"Jan 14, 1998",,,
"Jan 30, 1998",,,
"Feb 15, 1998",,,
"Mar 3, 1998",,,
"Mar 19, 1998",,,
"Apr 4, 1998",,,
"Apr 20, 1998",,,
"Jun 7, 1998",,,
"Aug 10, 1998",298.239,,
"Aug 26, 1998",286.184,,
"Sep 27, 1998",,,
"Oct 13, 1998",,,
"Dec 16, 1998",,,
"Jan 17, 1999",267.644,,
"Feb 27, 1999",270.577,,
"Mar 6, 1999",,,
"Mar 22, 1999",,,
"Apr 23, 1999",,,
"May 9, 1999",,,
"May 18, 1999",,,
"Jun 26, 1999",294.956,,
"Jul 5, 1999",302.081,,
"Jul 12, 1999",,,
"Jul 20, 1999",,,
"Jul 21, 1999",,,
"Jul 28, 1999",,,
"Aug 5, 1999",,,
"Aug 6, 1999",,,
"Aug 13, 1999",,,
"Aug 21, 1999",,,
"Aug 22, 1999",285.253,,
"Aug 29, 1999",,,
"Aug 30, 1999",,,
"Sep 6, 1999",,,
"Sep 7, 1999",,,
"Sep 14, 1999",295.211,,
"Sep 22, 1999",,289.915,
"Sep 30, 1999",,,
"Oct 1, 1999",,,
"Oct 8, 1999",,,
"Oct 16, 1999",,,
"Oct 17, 1999",,,
"Oct 24, 1999",,278.594,
"Nov 1, 1999",282.417,,
"Nov 2, 1999",,,
"Nov 18, 1999",,,
"Dec 3, 1999",,,
"Dec 11, 1999",,,
"Dec 20, 1999",,,
"Jan 12, 2000",,260.763,
"Jan 13, 2000",261.982,,
"Jan 20, 2000",255.645,,
"Jan 28, 2000",,,
"Feb 13, 2000",,,
"Feb 29, 2000",,,
"Mar 16, 2000",,,
"Mar 25, 2000",,,
"Apr 1, 2000",,,
"Apr 10, 2000",,,
"Apr 17, 2000",,,
"Apr 26, 2000",,,
"May 3, 2000",,285.205,
"May 4, 2000",,,
"May 12, 2000",,,
"May 19, 2000",,,
"May 28, 2000",,,
"Jun 4, 2000",,301.167,
"Jun 12, 2000",,,
"Jun 13, 2000",,,
"Jun 20, 2000",,300.3,
"Jun 29, 2000",,,
"Jul 6, 2000",,,
"Jul 22, 2000",,,
"Jul 31, 2000",,289.902,
"Aug 7, 2000",,,
"Aug 15, 2000",299.593,,
"Aug 16, 2000",,,
"Aug 23, 2000",,,
"Aug 31, 2000",,,
"Sep 1, 2000",,,
"Sep 9, 2000",291.75,,
"Sep 16, 2000",,,
"Sep 17, 2000",,,
"Sep 24, 2000",,287.779,
"Nov 3, 2000",282.943,,
"Nov 11, 2000",,,
"Nov 19, 2000",272.501,,
"Nov 27, 2000",,,
"Dec 5, 2000",275.273,,
"Dec 13, 2000",,,
"Dec 21, 2000",261.938,,
"Dec 29, 2000",,,
"Jan 14, 2001",,262.388,
"Jan 15, 2001",263.147,,
"Jan 30, 2001",,,
"Jan 31, 2001",,,
"Feb 8, 2001",,,
"Feb 15, 2001",,274.946,
"Feb 24, 2001",,,
"Mar 3, 2001",,,
"Mar 11, 2001",,,
"Mar 12, 2001",,,
"Mar 19, 2001",,,
"Mar 28, 2001",,,
"Apr 4, 2001",,,
"Apr 13, 2001",,,
"Apr 29, 2001",,,
"May 15, 2001",,,
"May 22, 2001",,,
"May 23, 2001",,,
"May 30, 2001",295.054,,
"May 31, 2001",,,
"Jun 7, 2001",,,
"Jun 8, 2001",,,
"Jun 23, 2001",,,
"Jul 1, 2001",,,
"Jul 2, 2001",,,
"Jul 9, 2001",,289.934,
"Jul 18, 2001",,,
"Jul 25, 2001",,284.811,
"Jul 26, 2001",296.316,,
"Aug 2, 2001",297.389,,
"Aug 3, 2001",,298.2,
"Aug 10, 2001",,,
"Aug 18, 2001",289.699,,
"Aug 26, 2001",,297.55,
"Aug 27, 2001",285.399,,
"Sep 3, 2001",287.294,,
"Sep 11, 2001",,,
"Sep 19, 2001",284.134,,
"Sep 20, 2001",,,
"Oct 6, 2001",,,
"Oct 13, 2001",,290.009,
"Oct 29, 2001",,,
"Nov 14, 2001",,,
"Nov 15, 2001",267.021,,
"Nov 23, 2001",,,
"Dec 16, 2001",,,
"Jan 17, 2002",,,
"Feb 2, 2002",,274.922,
"Feb 3, 2002",275.428,,
"Feb 10, 2002",,,
"Feb 11, 2002",,,
"Feb 18, 2002",,,
"Feb 19, 2002",,,
"Feb 27, 2002",,,
"Mar 6, 2002",,277.316,
"Mar 15, 2002",,277.162,
"Mar 23, 2002",,,
"Mar 31, 2002",,,
"Apr 7, 2002",,,
"Apr 16, 2002",,274.947,
"Apr 23, 2002",,,
"May 2, 2002",,,
"May 9, 2002",,295.353,
"May 17, 2002",299.89,,
"May 18, 2002",,302.264,
"May 25, 2002",,292.539,
"Jun 3, 2002",,297.491,
"Jun 10, 2002",,,
"Jun 11, 2002",289.222,,
"Jun 18, 2002",300.214,,
"Jun 19, 2002",,308.965,
"Jun 26, 2002",,291.721,
"Jun 27, 2002",297.538,,
"Jul 5, 2002",,292.402,
"Jul 12, 2002",,293.469,
"Jul 21, 2002",,297.055,
"Jul 28, 2002",,296.421,
"Aug 22, 2002",,,
"Aug 29, 2002",,,
"Sep 7, 2002",,291.323,
"Sep 14, 2002",,,
"Sep 30, 2002",,283.941,
"Oct 16, 2002",,,
"Nov 1, 2002",,,
"Nov 17, 2002",,,
"Nov 26, 2002",,,
"Dec 19, 2002",,,
"Jan 20, 2003",,,
"Feb 5, 2003",,,
"Feb 14, 2003",,,
"Feb 21, 2003",,271.623,
"Mar 25, 2003",,277.415,
"Apr 10, 2003",,,
"Apr 19, 2003",,,
"Apr 26, 2003",,285.731,
"May 5, 2003",,302.064,
"May 12, 2003",,,
"May 21, 2003",,,
"May 28, 2003",,,
"Jun 30, 2003",,,
"Jul 7, 2003",,,
"Jul 15, 2003",,298.064,
"Jul 23, 2003",,,
"Aug 1, 2003",,,
"Aug 24, 2003",,,
"Sep 9, 2003",,,
"Sep 17, 2003",,291.671,
"Sep 18, 2003",296.698,,
"Sep 25, 2003",284.774,,
"Sep 26, 2003",,286.59,
"Oct 4, 2003",,,
"Oct 28, 2003",,271.88,
"Nov 13, 2003",,,
"Dec 22, 2003",,,
"Jan 8, 2004",264.053,,
"Jan 23, 2004",,253.331,
"Jan 24, 2004",255.862,,
"Jan 31, 2004",264.307,,
"Feb 25, 2004",,,
"Mar 12, 2004",267.239,,
"Mar 19, 2004",,,
"Mar 27, 2004",,,
"Apr 4, 2004",,,
"Apr 20, 2004",,,
"Apr 28, 2004",,,
"May 22, 2004",,,
"May 30, 2004",,296.411,
"Jun 7, 2004",,,
"Jun 8, 2004",,297.976,
"Jun 15, 2004",,,
"Jun 23, 2004",289.184,,
"Jun 24, 2004",,291.993,
"Jul 9, 2004",,,
"Jul 25, 2004",293.469,,
"Aug 2, 2004",,,
"Aug 10, 2004",296.611,,
"Aug 26, 2004",,,
"Sep 3, 2004",,294.311,
"Sep 11, 2004",,,
"Sep 19, 2004",,290.174,
"Oct 5, 2004",,291.769,
"Nov 14, 2004",,,
"Nov 30, 2004",271.309,,
"Dec 8, 2004",,,
"Dec 9, 2004",,,
"Dec 16, 2004",269.513,,
"Dec 25, 2004",,,
"Jan 17, 2005",269.665,,
"Feb 27, 2005",,,
"Mar 6, 2005",,,
"Mar 30, 2005",,268.031,
"Mar 31, 2005",270.569,,
"Apr 15, 2005",,276.954,
"Apr 16, 2005",,,
"May 1, 2005",,,
"May 9, 2005",,,
"May 10, 2005",,280.421,
"May 25, 2005",,,
"May 26, 2005",,296.549,
"Jun 2, 2005",,294.973,
"Jun 3, 2005",300.209,,
"Jun 10, 2005",,,
"Jun 19, 2005",292.69,,
"Jun 26, 2005",294.164,,
"Jul 4, 2005",,296.784,
"Jul 12, 2005",289.169,,
"Jul 20, 2005",,,
"Jul 21, 2005",,,
"Jul 28, 2005",304.917,,
"Jul 29, 2005",,,
"Aug 5, 2005",,,
"Aug 6, 2005",,,
"Aug 13, 2005",,,
"Aug 29, 2005",295.008,,
"Sep 7, 2005",295.286,,
"Sep 14, 2005",287.796,,
"Sep 22, 2005",,286.304,
"Sep 23, 2005",290.078,,
"Oct 1, 2005",,,
"Oct 8, 2005",,,
"Oct 9, 2005",286.566,,
"Oct 16, 2005",282.605,,
"Oct 25, 2005",,,
"Nov 1, 2005",,,
"Nov 9, 2005",,282.319,
"Jan 28, 2006",,267.478,
"Feb 5, 2006",,,
"Feb 6, 2006",,,
"Feb 13, 2006",,,
"Feb 21, 2006",,,
"May 4, 2006",,278.6,
"May 12, 2006",283.948,,
"May 28, 2006",,,
"Jun 5, 2006",,,
"Jun 13, 2006",295.639,,
"Jun 14, 2006",,,
"Jun 21, 2006",,300.39,
"Jun 29, 2006",,,
"Jul 15, 2006",293.82,,
"Jul 16, 2006",,,
"Jul 31, 2006",295.431,,
"Aug 16, 2006",,,
"Aug 25, 2006",,,
"Sep 1, 2006",,,
"Sep 10, 2006",293.121,,
"Sep 17, 2006",292.677,,
"Sep 25, 2006",,,
"Sep 26, 2006",,,
"Oct 3, 2006",,,
"Oct 12, 2006",284.406,,
"Oct 19, 2006",288.849,,
"Oct 27, 2006",,,
"Oct 28, 2006",,,
"Nov 29, 2006",,,
"Dec 6, 2006",,,
"Dec 7, 2006",,,
"Dec 14, 2006",,273.873,
"Dec 23, 2006",,,
"Dec 31, 2006",,,
"Jan 7, 2007",,,
"Jan 15, 2007",,271.804,
"Jan 16, 2007",,,
"Feb 1, 2007",,,
"Feb 8, 2007",,,
"Feb 9, 2007",,,
"Feb 17, 2007",273.538,,
"Feb 24, 2007",,,
"Mar 5, 2007",272.577,,
"Mar 12, 2007",276.77,,
"Mar 13, 2007",,,
"Mar 29, 2007",,,
"Apr 5, 2007",,273.64,
"Apr 14, 2007",,291.536,
"Apr 21, 2007",,287.162,
"Apr 29, 2007",291.884,,
"Apr 30, 2007",,286.764,
"May 8, 2007",,,
"May 23, 2007",,,
"May 24, 2007",297.476,,
"May 31, 2007",,,
"Jun 8, 2007",,297.685,
"Jun 9, 2007",,,
"Jun 16, 2007",,,
"Jun 24, 2007",,286.41,
"Jun 25, 2007",299.833,,
"Jul 11, 2007",,,
"Jul 18, 2007",,,
"Jul 19, 2007",,299.976,
"Jul 26, 2007",,294.761,
"Jul 27, 2007",294.225,,
"Aug 3, 2007",,,
"Aug 19, 2007",291.662,,
"Aug 28, 2007",,,
"Sep 4, 2007",,,
"Sep 13, 2007",,,
"Sep 20, 2007",282.724,,
"Sep 29, 2007",,,
"Oct 14, 2007",,281.503,
"Dec 17, 2007",,,
"Dec 26, 2007",,269.171,
"Jan 11, 2008",,274.809,
"Feb 3, 2008",,265.961,
"Feb 12, 2008",,272.789,
"Feb 19, 2008",,,
"Feb 28, 2008",,,
"Mar 6, 2008",,267.346,
"Mar 7, 2008",264.307,,
"Mar 15, 2008",,272.794,
"Mar 31, 2008",,,
"May 2, 2008",,,
"May 9, 2008",,291.094,
"May 25, 2008",,,
"May 26, 2008",,,
"Jun 2, 2008",287.209,,
"Jun 10, 2008",,,
"Jun 18, 2008",,,
"Jun 26, 2008",,,
"Jul 4, 2008",,,
"Jul 20, 2008",290.859,,
"Jul 28, 2008",,297.537,
"Jul 29, 2008",299.754,,
"Aug 6, 2008",,293.301,
"Aug 13, 2008",,,
"Aug 21, 2008",290.101,,
"Oct 1, 2008",,,
"Nov 1, 2008",,281.568,
"Dec 3, 2008",,267.055,
"Dec 28, 2008",,260.17,
"Jan 13, 2009",,,
"Feb 5, 2009",,273.915,
"Mar 18, 2009",,271.459,
"Mar 25, 2009",,,
"Apr 3, 2009",,277.309,
"Apr 10, 2009",,280.254,
"Apr 19, 2009",,278.654,
"Apr 26, 2009",,,
"Apr 27, 2009",,,
"May 4, 2009",,,
"May 13, 2009",,,
"May 20, 2009",295.024,,
"Jun 5, 2009",287.873,,
"Jun 13, 2009",,290.04,
"Jun 14, 2009",294.902,,
"Jun 21, 2009",,,
"Jun 29, 2009",,,
"Jun 30, 2009",,,
"Jul 7, 2009",,,
"Jul 16, 2009",299.416,,
"Jul 23, 2009",301.476,,
"Jul 24, 2009",,,
"Aug 1, 2009",,,
"Aug 8, 2009",286.363,,
"Aug 9, 2009",,,
"Aug 16, 2009",,297.018,
"Aug 17, 2009",291.294,,
"Aug 24, 2009",293.991,,
"Aug 25, 2009",,296.671,
"Sep 1, 2009",,296.054,
"Sep 2, 2009",,,
"Sep 9, 2009",289.644,,
"Sep 10, 2009",,290.05,
"Sep 18, 2009",,,
"Sep 25, 2009",287.939,,
"Sep 26, 2009",,286.409,
"Oct 4, 2009",,,
"Oct 20, 2009",,,
"Nov 5, 2009",,,
"Nov 12, 2009",,,
"Nov 20, 2009",,285.647,
"Nov 21, 2009",,,
"Nov 28, 2009",,,
"Dec 7, 2009",,,
"Dec 14, 2009",,,
"Feb 16, 2010",265.952,,
"Feb 25, 2010",,,
"Mar 4, 2010",,,
"Mar 29, 2010",,,
"Apr 5, 2010",,,
"Apr 6, 2010",,,
"Apr 13, 2010",,,
"Apr 21, 2010",278.815,,
"Apr 22, 2010",,,
"Apr 29, 2010",,289.745,
"May 23, 2010",,,
"May 24, 2010",,294.997,
"Jun 8, 2010",,,
"Jun 9, 2010",,,
"Jun 17, 2010",,,
"Jun 24, 2010",,,
"Jun 25, 2010",,290.348,
"Jul 3, 2010",300.66,,
"Jul 10, 2010",297.719,,
"Jul 11, 2010",,304.058,
"Jul 19, 2010",288.355,,
"Jul 26, 2010",,,
"Jul 27, 2010",,,
"Aug 4, 2010",289.949,,
"Aug 11, 2010",,,
"Aug 20, 2010",292.726,,
"Sep 5, 2010",,,
"Sep 12, 2010",290.616,,
"Sep 20, 2010",,284.378,
"Sep 21, 2010",289.714,,
"Oct 7, 2010",,,
"Oct 14, 2010",280.539,,
"Oct 22, 2010",,272.547,
"Oct 23, 2010",,,
"Oct 30, 2010",284.146,,
"Dec 26, 2010",,,
"Jan 27, 2011",,,
"Feb 3, 2011",,,
"Feb 12, 2011",,,
"Feb 28, 2011",,,
"Mar 8, 2011",,274.214,
"Mar 15, 2011",,279.349,
"Mar 16, 2011",,,
"Mar 24, 2011",,,
"Apr 9, 2011",,284.266,
"Apr 16, 2011",,,
"Apr 17, 2011",,,
"Apr 24, 2011",291.671,,
"Apr 25, 2011",,,
"May 2, 2011",,,
"May 10, 2011",293.696,,
"May 19, 2011",,,
"May 26, 2011",298.189,,
"Jun 3, 2011",,,
"Jun 4, 2011",295.979,,
"Jun 11, 2011",,,
"Jun 20, 2011",,,
"Jun 27, 2011",296.257,,
"Jun 28, 2011",,297.302,
"Jul 6, 2011",,,
"Jul 13, 2011",,,
"Jul 22, 2011",,,
"Jul 29, 2011",,,
"Aug 6, 2011",,,
"Aug 14, 2011",288.162,,
"Aug 22, 2011",,299.268,
"Aug 23, 2011",304.647,,
"Aug 30, 2011",,,
"Aug 31, 2011",,290.333,
"Sep 15, 2011",287.177,,
"Sep 16, 2011",,290.106,
"Sep 23, 2011",,,
"Sep 24, 2011",288.326,,
"Oct 1, 2011",293.666,,
"Oct 2, 2011",,292.8,
"Oct 9, 2011",,,
"Oct 17, 2011",283.684,,
"Oct 18, 2011",,,
"Oct 25, 2011",,280.894,
"Nov 2, 2011",,,
"Nov 10, 2011",,,
"Nov 11, 2011",,,
"Nov 19, 2011",,,
"Nov 26, 2011",,,
"Dec 5, 2011",,,
"Dec 12, 2011",,269.378,
"Dec 28, 2011",,,
"Feb 14, 2012",,,
"Mar 17, 2012",,,
"Mar 26, 2012",,274.101,
"Apr 2, 2012",,272.574,
"Apr 11, 2012",,,
"Apr 18, 2012",,,
"Apr 27, 2012",,284.943,
"May 4, 2012",,,
"May 13, 2012",,,
"May 20, 2012",,301.922,
"May 29, 2012",,,
"Jun 21, 2012",,,
"Jul 7, 2012",,,
"Jul 23, 2012",,290.242,
"Aug 8, 2012",,286.439,
"Sep 9, 2012",,294.233,
"Sep 25, 2012",,287.899,
"Oct 4, 2012",,,
"Oct 11, 2012",,280.486,
"Oct 20, 2012",,291.393,
"Nov 21, 2012",,278.213,
"Dec 7, 2012",,,
"Mar 4, 2013",,272.073,
"Mar 20, 2013",,268.295,
"Mar 24, 2013",,,
"Mar 29, 2013",,269.754,
"Mar 29, 2013",,,
"Apr 13, 2013",,,
"Apr 14, 2013",,275.726,
"Apr 21, 2013",,275.716,
"Apr 30, 2013",,,
"May 15, 2013",,,296.427
"Jun 8, 2013",,,
"Jun 9, 2013",,,296.292
"Jun 16, 2013",,,290.953
"Jun 17, 2013",,302.145,
"Jul 2, 2013",,,
"Jul 3, 2013",,,
"Jul 10, 2013",,,
"Jul 18, 2013",,,
"Jul 19, 2013",,,
"Jul 26, 2013",,299.921,
"Aug 3, 2013",,,302.632
"Aug 4, 2013",,298.864,
"Aug 11, 2013",,,
"Aug 19, 2013",,,
"Sep 4, 2013",,,
"Sep 28, 2013",,285.306,
"Oct 6, 2013",,,
"Oct 7, 2013",,,
"Oct 14, 2013",,281.394,
"Oct 15, 2013",,,
"Oct 22, 2013",,,
"Oct 23, 2013",,,
"Nov 7, 2013",,,
"Nov 8, 2013",,,
"Nov 15, 2013",,,
"Nov 16, 2013",,,
"Dec 1, 2013",,,
"Dec 2, 2013",,,
"Dec 10, 2013",,,
"Dec 17, 2013",,276.774,
"Dec 18, 2013",,,
"Dec 25, 2013",,,
"Dec 26, 2013",,,
"Jan 2, 2014",,,
"Jan 3, 2014",,,
"Jan 10, 2014",,,
"Jan 11, 2014",,,
"Jan 18, 2014",,273.147,
"Jan 19, 2014",,,
"Feb 3, 2014",,,
"Feb 4, 2014",,,275.748
"Feb 12, 2014",,271.459,
"Feb 20, 2014",,,
"Feb 27, 2014",,,
"Feb 28, 2014",,,
"Mar 7, 2014",,276.419,
"Mar 8, 2014",,,
"Mar 15, 2014",,,
"Mar 31, 2014",,,
"Apr 1, 2014",,282.694,
"Apr 8, 2014",,,
"Apr 9, 2014",,,
"Apr 17, 2014",,,
"Apr 24, 2014",,,
"Apr 25, 2014",,,
"May 2, 2014",,,
"May 10, 2014",,,
"May 19, 2014",,294.354,
"May 26, 2014",,,
"Jun 3, 2014",,,
"Jun 4, 2014",,,
"Jun 11, 2014",,304.378,
"Jun 19, 2014",,,290.537
"Jun 20, 2014",,,
"Jun 27, 2014",,293.508,
"Jul 5, 2014",,,
"Jul 6, 2014",,299.49,
"Jul 13, 2014",,,
"Jul 21, 2014",,,
"Jul 22, 2014",,,
"Aug 6, 2014",,,
"Aug 7, 2014",,,
"Aug 22, 2014",,,
"Aug 23, 2014",,,
"Aug 30, 2014",,,
"Sep 7, 2014",,,287.766
"Sep 8, 2014",,,
"Sep 15, 2014",,,
"Oct 9, 2014",,,292.428
"Oct 10, 2014",,,
"Oct 17, 2014",,,
"Oct 25, 2014",,,278.174
"Oct 26, 2014",,,
"Nov 2, 2014",,286.395,
"Nov 10, 2014",,,
"Nov 11, 2014",,,
"Nov 26, 2014",,,269.711
"Nov 27, 2014",,,
"Dec 4, 2014",,,
"Dec 12, 2014",,,
"Dec 13, 2014",,,
"Dec 20, 2014",,,
"Jan 13, 2015",,,272.092
"Jan 14, 2015",,,
"Jan 21, 2015",,,
"Jan 29, 2015",,,
"Feb 6, 2015",,,
"Feb 14, 2015",,,273.405
"Feb 15, 2015",,,
"Feb 22, 2015",,,
"Feb 23, 2015",,,
"Mar 3, 2015",,,
"Mar 10, 2015",,276.917,
"Mar 18, 2015",,,277.219
"Mar 19, 2015",,,
"Mar 26, 2015",,,
"Apr 3, 2015",,,
"Apr 11, 2015",,276.963,
"Apr 12, 2015",,,
"Apr 19, 2015",,,282.953
"Apr 20, 2015",,,
"Apr 27, 2015",,282.238,
"May 5, 2015",,,
"May 13, 2015",,294.803,
"May 14, 2015",,,291.144
"May 22, 2015",,,
"May 29, 2015",,,
"Jun 6, 2015",,,303.419
"Jun 7, 2015",,,
"Jun 14, 2015",,292.465,
"Jun 22, 2015",,,
"Jun 23, 2015",,,
"Jun 30, 2015",,,
"Jul 8, 2015",,,
"Jul 9, 2015",,,
"Jul 16, 2015",,299.136,
"Jul 24, 2015",,,
"Jul 25, 2015",,,
"Aug 1, 2015",,,
"Aug 9, 2015",,,301.076
"Aug 10, 2015",,304.625,
"Aug 25, 2015",,,
"Aug 26, 2015",,295.664,
"Sep 2, 2015",,,
"Sep 10, 2015",,,
"Sep 11, 2015",,289.483,
"Sep 18, 2015",,286.333,
"Sep 27, 2015",,,
"Oct 12, 2015",,,280.403
"Oct 28, 2015",,,285.177
"Nov 5, 2015",,284.68,
"Nov 13, 2015",,,
"Nov 14, 2015",,,
"Nov 21, 2015",,,
"Dec 7, 2015",,277.646,
"Dec 15, 2015",,,
"Dec 16, 2015",,,
"Dec 23, 2015",,276.825,
"Dec 31, 2015",,,273.282
"Jan 1, 2016",,,
"Jan 8, 2016",,,
"Jan 16, 2016",,,
"Jan 17, 2016",,,
"Feb 2, 2016",,,
"Feb 9, 2016",,,
"Feb 17, 2016",,,
"Feb 18, 2016",,,
"Feb 25, 2016",,,
"Mar 4, 2016",,,
"Mar 5, 2016",,,
"Mar 12, 2016",,,
"Mar 20, 2016",,,273.312
"Mar 21, 2016",,272.874,
"Mar 28, 2016",,270.98,
"Mar 29, 2016",,,
"Apr 5, 2016",,,
"Apr 6, 2016",,,
"Apr 13, 2016",,,
"Apr 21, 2016",,,290.771
"Apr 22, 2016",,,
"Apr 29, 2016",,276.078,
"Apr 30, 2016",,,
"May 7, 2016",,,295.334
"May 8, 2016",,293.983,
"May 15, 2016",,,
"May 23, 2016",,,294.679
"Jun 8, 2016",,,
"Jun 16, 2016",,279.637,
"Jun 24, 2016",,,
"Jun 25, 2016",,301.961,
"Jul 2, 2016",,,
"Jul 10, 2016",,,300.275
"Jul 11, 2016",,,
"Jul 18, 2016",,292.648,
"Jul 26, 2016",,,
"Jul 27, 2016",,,
"Aug 3, 2016",,,
"Aug 11, 2016",,,285.98
"Aug 19, 2016",,,
"Aug 27, 2016",,,300.593
"Aug 28, 2016",,300.358,
"Sep 4, 2016",,,
"Sep 12, 2016",,,296.947
"Sep 13, 2016",,298.283,
"Sep 20, 2016",,,
"Sep 28, 2016",,,
"Sep 29, 2016",,280.357,
"Oct 14, 2016",,,
"Oct 15, 2016",,282.047,
"Oct 22, 2016",,,
"Oct 30, 2016",,,
"Oct 31, 2016",,278.303,
"Nov 7, 2016",,,
"Nov 15, 2016",,,
"Nov 23, 2016",,278.775,
"Dec 2, 2016",,,
"Dec 9, 2016",,,
"Dec 17, 2016",,,
"Jan 2, 2017",,,
"Jan 3, 2017",,,
"Jan 10, 2017",,,
"Jan 18, 2017",,,
"Jan 19, 2017",,264.405,
"Jan 26, 2017",,265.676,
"Feb 4, 2017",,271.919,
"Feb 11, 2017",,270.935,
"Feb 19, 2017",,,
"Feb 20, 2017",,,
"Feb 27, 2017",,,
"Feb 28, 2017",,,
"Mar 8, 2017",,,
"Mar 24, 2017",,,
"Mar 31, 2017",,,
"Apr 1, 2017",,,284.817
"Apr 8, 2017",,,
"Apr 9, 2017",,,
"Apr 16, 2017",,,
"Apr 17, 2017",,,
"Apr 24, 2017",,,276.867
"Apr 25, 2017",,,
"May 2, 2017",,,
"May 10, 2017",,,275.981
"May 11, 2017",,,
"May 18, 2017",,300.18,
"May 26, 2017",,,295.443
"May 27, 2017",,301.814,
"Jun 3, 2017",,302.198,
"Jun 11, 2017",,,298.282
"Jun 12, 2017",,,
"Jun 19, 2017",,300.08,
"Jun 27, 2017",,,
"Jun 28, 2017",,,
"Jul 5, 2017",,,
"Jul 13, 2017",,,290.458
"Jul 14, 2017",,,
"Jul 21, 2017",,296.709,
"Jul 29, 2017",,,
"Jul 30, 2017",,,
"Aug 6, 2017",,,
"Aug 14, 2017",,,
"Aug 15, 2017",,298.777,
"Aug 22, 2017",,,
"Aug 30, 2017",,,298.961
"Aug 31, 2017",,296.987,
"Sep 7, 2017",,,
"Sep 15, 2017",,,
"Sep 23, 2017",,,
"Oct 1, 2017",,,
"Oct 2, 2017",,284.523,
"Oct 9, 2017",,276.895,
"Oct 17, 2017",,,292.313
"Oct 18, 2017",,,
"Oct 25, 2017",,,
"Oct 26, 2017",,,
"Nov 2, 2017",,,
"Nov 3, 2017",,,
"Nov 11, 2017",,,
"Nov 19, 2017",,,
"Nov 26, 2017",,,
"Dec 12, 2017",,249.662,
"Dec 29, 2017",,,
"Jan 5, 2018",,,
"Jan 6, 2018",,,
"Jan 29, 2018",,,
"Feb 6, 2018",,,264.825
"Feb 14, 2018",,,
"Feb 22, 2018",,,
"Feb 23, 2018",,,
"Mar 2, 2018",,265.462,
"Mar 10, 2018",,,
"Mar 11, 2018",,272.45,
"Mar 27, 2018",,,
"Apr 3, 2018",,276.143,
"Apr 4, 2018",,,
"Apr 11, 2018",,,277.012
"Apr 12, 2018",,,
"Apr 19, 2018",,284.631,
"Apr 20, 2018",,,289.34
"Apr 27, 2018",,,287.909
"Apr 28, 2018",,295.102,
"May 5, 2018",,,
"May 6, 2018",,,294.773
"May 13, 2018",,,294.482
"May 14, 2018",,,
"May 21, 2018",,,
"May 22, 2018",,,296.351
"May 29, 2018",,,298.7
"May 30, 2018",,,
"Jun 6, 2018",,,
"Jun 15, 2018",,288.437,
"Jun 22, 2018",,,
"Jun 30, 2018",,,292.231
"Jul 1, 2018",,293.303,
"Jul 8, 2018",,295.141,
"Jul 16, 2018",,,
"Jul 17, 2018",,,
"Jul 24, 2018",,294.748,
"Aug 1, 2018",,,
"Aug 2, 2018",,,
"Aug 17, 2018",,,
"Aug 18, 2018",,,
"Sep 10, 2018",,293.285,
"Sep 18, 2018",,,295.661
"Sep 19, 2018",,,
"Sep 26, 2018",,273.844,
"Oct 4, 2018",,,282.606
"Oct 5, 2018",,290.291,
"Oct 12, 2018",,289.929,
"Oct 20, 2018",,,
"Oct 21, 2018",,280.668,
"Nov 5, 2018",,,
"Nov 6, 2018",,286.658,
"Nov 13, 2018",,270.615,
"Nov 21, 2018",,,
"Nov 29, 2018",,267.909,
"Dec 7, 2018",,,
"Dec 8, 2018",,,
"Dec 15, 2018",,,
"Dec 23, 2018",,,
"Jan 8, 2019",,,
"Jan 16, 2019",,,
"Feb 9, 2019",,,
"Feb 10, 2019",,,
"Feb 17, 2019",,275.857,
"Feb 25, 2019",,,275.281
"Feb 26, 2019",,273.447,
"Mar 13, 2019",,,
"Mar 14, 2019",,,
"Mar 21, 2019",,275.472,
"Mar 29, 2019",,,274.882
"Mar 30, 2019",,275.82,
"Apr 6, 2019",,,
"Apr 7, 2019",,,
"Apr 14, 2019",,,
"Apr 15, 2019",,277.052,
"Apr 22, 2019",,284.641,
"Apr 23, 2019",,,
"Apr 30, 2019",,,
"May 1, 2019",,,
"May 8, 2019",,281.298,
"May 17, 2019",,,
"May 24, 2019",,,
"Jun 1, 2019",,,
"Jun 2, 2019",,,
"Jun 9, 2019",,296.18,
"Jun 17, 2019",,,
"Jun 18, 2019",,,
"Jun 25, 2019",,303.771,
"Jul 3, 2019",,,295.388
"Jul 4, 2019",,297.923,
"Jul 19, 2019",,,
"Jul 20, 2019",,299.419,
"Jul 27, 2019",,,
"Aug 4, 2019",,,293.907
"Aug 5, 2019",,285.247,
"Aug 12, 2019",,,
"Aug 20, 2019",,,
"Aug 21, 2019",,,
"Aug 28, 2019",,,
"Sep 5, 2019",,,
"Sep 6, 2019",,,
"Sep 13, 2019",,,
"Sep 21, 2019",,,291.386
"Sep 22, 2019",,294.39,
"Sep 29, 2019",,285.983,
"Oct 7, 2019",,,
"Oct 8, 2019",,,
"Oct 15, 2019",,,
"Oct 23, 2019",,,290.912
"Oct 24, 2019",,,
"Oct 31, 2019",,274.642,
"Nov 8, 2019",,,
"Nov 16, 2019",,275.424,
"Nov 24, 2019",,,
"Nov 25, 2019",,,
"Dec 2, 2019",,,
"Dec 10, 2019",,,
"Dec 11, 2019",,267.353,
"Dec 18, 2019",,,
"Dec 27, 2019",,,
"Jan 3, 2020",,273.05,
"Jan 11, 2020",,,
"Jan 12, 2020",,270.472,
"Jan 27, 2020",,,
"Jan 28, 2020",,,
"Feb 4, 2020",,,
"Feb 13, 2020",,,
"Feb 28, 2020",,,
"Mar 15, 2020",,,274.716
"Mar 16, 2020",,269.902,
"Mar 23, 2020",,267.488,
"Mar 24, 2020",,,
"Mar 31, 2020",,,
"Apr 1, 2020",,,
"Apr 8, 2020",,286.923,
"Apr 9, 2020",,,
"Apr 16, 2020",,,291.695
"Apr 17, 2020",,288.176,
"Apr 24, 2020",,260.101,
"Apr 25, 2020",,,291.968
"May 2, 2020",,,
"May 3, 2020",,,
"May 18, 2020",,,295.828
"May 19, 2020",,,
"Jun 3, 2020",,,
"Jun 4, 2020",,,
"Jun 19, 2020",,,
"Jun 27, 2020",,291.873,
"Jul 5, 2020",,,
"Jul 6, 2020",,,
"Jul 13, 2020",,,
"Jul 21, 2020",,,297.201
"Jul 22, 2020",,295.697,
"Jul 29, 2020",,292.857,
"Aug 6, 2020",,,294.007
"Aug 7, 2020",,298.641,
"Aug 14, 2020",,281.37,
"Aug 22, 2020",,,294.472
"Aug 23, 2020",,,
"Sep 7, 2020",,,
"Sep 8, 2020",,290.29,
"Sep 15, 2020",,295.539,
"Sep 23, 2020",,,
"Sep 24, 2020",,,
"Oct 1, 2020",,285.693,
"Oct 9, 2020",,,
"Oct 10, 2020",,,
"Oct 25, 2020",,,283.78
"Oct 26, 2020",,283.243,
"Nov 10, 2020",,,
"Nov 18, 2020",,278.942,
"Nov 26, 2020",,,
"Nov 27, 2020",,274.843,
"Dec 4, 2020",,272.995,
"Dec 12, 2020",,,
"Dec 28, 2020",,,
"Jan 21, 2021",,,
"Feb 6, 2021",,,
"Feb 14, 2021",,,262.379
"Feb 15, 2021",,258.989,
"Feb 22, 2021",,277.712,
"Mar 2, 2021",,,276.889
"Mar 3, 2021",,,
"Mar 18, 2021",,,
"Mar 26, 2021",,277.608,
"Apr 3, 2021",,,
"Apr 4, 2021",,273.795,
"Apr 11, 2021",,,
"Apr 20, 2021",,,
"Apr 27, 2021",,,
"Apr 28, 2021",,,
"May 5, 2021",,,
"May 6, 2021",,,
"May 21, 2021",,,
"May 22, 2021",,,
"May 29, 2021",,,
"Jun 7, 2021",,294.344,
"Jun 22, 2021",,,
"Jun 23, 2021",,,
"Jun 30, 2021",,,
"Jul 8, 2021",,,294.664
"Jul 9, 2021",,,
"Jul 16, 2021",,,
"Jul 24, 2021",,,294.335
"Jul 25, 2021",,,
"Aug 9, 2021",,,288.766
"Aug 10, 2021",,290.875,
"Aug 17, 2021",,,
"Aug 25, 2021",,,
"Sep 2, 2021",,287.763,
"Sep 10, 2021",,,292.183
"Sep 11, 2021",,287.438,
"Sep 18, 2021",,,
"Sep 26, 2021",,,292.179
"Oct 4, 2021",,280.105,
"Oct 12, 2021",,,
"Oct 13, 2021",,,
"Oct 20, 2021",,286.941,
"Oct 28, 2021",,,283.576
"Oct 29, 2021",,285.277,
"Nov 5, 2021",,,
"Nov 14, 2021",,,
"Nov 21, 2021",,275.079,
"Nov 29, 2021",,,
"Dec 31, 2021",,,
"Jan 16, 2022",,,
"Feb 2, 2022",,,
"Feb 9, 2022",,,
"Feb 17, 2022",,,
"Feb 18, 2022",,,
"Feb 25, 2022",,,
"Mar 5, 2022",,,
"Mar 6, 2022",,,
"Mar 13, 2022",,274.747,
"Mar 14, 2022",,,
"Mar 21, 2022",,,275.383
"Mar 22, 2022",,277.595,
"Mar 29, 2022",,,
"Mar 30, 2022",,,
"Apr 6, 2022",,,
"Apr 15, 2022",,,
"Apr 22, 2022",,,
"May 8, 2022",,,
"May 8, 2022",,,
"May 20, 2022",,,
"Jun 6, 2022",,290.136,
"Jun 11, 2022",,289.34,
"Jun 25, 2022",,,
"Jun 28, 2022",,,
"Jul 10, 2022",,,
"Jul 11, 2022",,,286.032
"Jul 15, 2022",,287.405,
"Jul 27, 2022",,,
"Jul 27, 2022",,,
"Aug 1, 2022",,,
"Aug 5, 2022",,,
"Aug 12, 2022",,,292.774
"Aug 13, 2022",,290.677,
"Aug 18, 2022",,,
"Aug 30, 2022",,288.977,
"Sep 4, 2022",,288.879,
"Sep 13, 2022",,,
"Sep 21, 2022",,,
"Sep 22, 2022",,,282.597
"Sep 29, 2022",,,
"Oct 3, 2022",,,
"Oct 8, 2022",,281.13,
"Oct 20, 2022",,279.065,
"Oct 25, 2022",,,
"Oct 31, 2022",,,288.799
"Nov 6, 2022",,275.619,
"Nov 9, 2022",,,279.42
"Dec 11, 2022",,,
"Dec 18, 2022",,,260.78
"Jan 3, 2023",,,
"Jan 19, 2023",,,
"Feb 4, 2023",,,
"Feb 20, 2023",,,
"Feb 21, 2023",,,
"Mar 1, 2023",,,271.609
"Mar 8, 2023",,,
"Mar 15, 2023",,269.079,
"Mar 17, 2023",,,277.281
"Mar 24, 2023",,,
"Apr 1, 2023",,266.282,
"Apr 6, 2023",,274.748,
"Apr 23, 2023",,,
"Apr 25, 2023",,,
"Apr 28, 2023",,,
"May 4, 2023",,,286.147
"May 11, 2023",,,
"May 20, 2023",,281.662,
"May 27, 2023",,,293.146
"Jun 11, 2023",,287.875,
"Jun 12, 2023",,,
"Jun 16, 2023",,284.45,
"Jun 28, 2023",,286.574,
"Jun 28, 2023",,,
"Jul 3, 2023",,288.332,
"Jul 8, 2023",,295.957,
"Jul 14, 2023",,,
"Jul 30, 2023",,,
"Jul 30, 2023",,,
"Aug 15, 2023",,,296.467
"Aug 16, 2023",,,
"Aug 21, 2023",,293.836,
"Aug 26, 2023",,,
"Aug 31, 2023",,,
"Sep 12, 2023",,287.175,
"Sep 16, 2023",,,294.475
"Sep 17, 2023",,288.847,
"Oct 2, 2023",,,284.421
"Oct 9, 2023",,,
"Oct 14, 2023",,,
"Oct 18, 2023",,,
"Oct 19, 2023",,,
"Nov 19, 2023",,,
"Dec 5, 2023",,,
"Feb 7, 2024",,,
"Feb 16, 2024",,,
"Mar 3, 2024",,,
"Mar 10, 2024",,,
"Mar 19, 2024",,,
"Mar 26, 2024",,,
"Apr 4, 2024",,,
"Apr 11, 2024",,,286.283
"Apr 27, 2024",,,279.984
"May 6, 2024",,,284.041
"May 13, 2024",,,294.923
"May 29, 2024",,,
"Jun 14, 2024",,,
"Jun 30, 2024",,,291.771
"Aug 1, 2024",,,297.649
"Sep 2, 2024",,,
"Sep 18, 2024",,,289.142
"Oct 20, 2024",,,
"Nov 5, 2024",,,
"Nov 30, 2024",,,269.532
"Dec 7, 2024",,,
"Jan 24, 2025",,,
"Feb 2, 2025",,,
"Feb 9, 2025",,,274.302
"Feb 18, 2025",,,264.674
"Feb 25, 2025",,,
"Mar 6, 2025",,,280.324
"Mar 22, 2025",,,
"Apr 14, 2025",,,
"Apr 23, 2025",,,
"Apr 30, 2025",,,294.041
"May 16, 2025",,,
"Jun 1, 2025",,,
"Jun 17, 2025",,,292.793
"Jul 3, 2025",,,299.481
"Jul 19, 2025",,,
"Aug 20, 2025",,,
"Sep 21, 2025",,,296.779
"Oct 23, 2025",,,
"Nov 8, 2025",,,
"Nov 24, 2025",,,
"Dec 10, 2025",,,278.133
"Dec 19, 2025",,,
"Dec 26, 2025",,,
